id_str,label
"""348004249009025024""",serviceable
"""348048161396367360""",serviceable
"""348089125024440320""",serviceable
"""348151250421956608""",serviceable
"""348159031610855424""",non-serviceable
"""348173056876879872""",non-serviceable
"""348178108177866752""",serviceable
"""348181210771619840""",non-serviceable
"""348184409402392577""",serviceable
"""348188987082551297""",serviceable
"""348191406680051714""",non-serviceable
"""348192512537681920""",serviceable
"""348192962976555008""",serviceable
"""348193180535095297""",non-serviceable
"""348194996324814848""",non-serviceable
"""348196354058756097""",serviceable
"""348197119083044864""",non-serviceable
"""348198673940885504""",serviceable
"""348201976741371904""",non-serviceable
"""348204059007795200""",serviceable
"""348204701826813953""",non-serviceable
"""348205011899133953""",non-serviceable
"""348205154660659200""",non-serviceable
"""348205331995824128""",serviceable
"""348205395560517632""",non-serviceable
"""348205656660127744""",non-serviceable
"""348205662301458434""",non-serviceable
"""348205794900205568""",non-serviceable
"""348206816355823616""",non-serviceable
"""348208171803889664""",non-serviceable
"""348208298543153152""",non-serviceable
"""348208755349004288""",non-serviceable
"""348209586014154753""",serviceable
"""348212032786530306""",non-serviceable
"""348212423112663040""",non-serviceable
"""348213299084685312""",serviceable
"""348215599937228800""",non-serviceable
"""348215767583567873""",non-serviceable
"""348216089047625728""",non-serviceable
"""348216522088513536""",non-serviceable
"""348217073316540416""",non-serviceable
"""348217842107297792""",non-serviceable
"""348219640817790976""",non-serviceable
"""348220002761056259""",non-serviceable
"""348220402834735105""",serviceable
"""348220786768769025""",non-serviceable
"""348220962489118720""",serviceable
"""348221201841266688""",non-serviceable
"""348221539549847552""",serviceable
"""348221938818236417""",non-serviceable
"""348222050017615872""",non-serviceable
"""348222107227918336""",serviceable
"""348222198235934721""",non-serviceable
"""348222358189912064""",serviceable
"""348222373352321024""",non-serviceable
"""348223039529418752""",non-serviceable
"""348223317217513472""",non-serviceable
"""348223596595920896""",non-serviceable
"""348224096712142848""",non-serviceable
"""348224405710716928""",non-serviceable
"""348225670230454272""",non-serviceable
"""348225730582298624""",non-serviceable
"""348226234460815360""",non-serviceable
"""348226542893146112""",serviceable
"""348226881239261186""",non-serviceable
"""348227846084366337""",non-serviceable
"""348227895396806657""",non-serviceable
"""348228107519524864""",serviceable
"""348232006116712449""",serviceable
"""348232720461205507""",serviceable
"""348233542460899328""",non-serviceable
"""348234001342922752""",non-serviceable
"""348235500785659904""",non-serviceable
"""348235788451979265""",non-serviceable
"""348236037614620673""",non-serviceable
"""348238261048705025""",non-serviceable
"""348238913128783872""",non-serviceable
"""348240248775528448""",serviceable
"""348244494312939520""",non-serviceable
"""348245855679164418""",serviceable
"""348248409259511808""",serviceable
"""348249062266511362""",non-serviceable
"""348249366135451648""",non-serviceable
"""348250070719819776""",non-serviceable
"""348250324538118144""",serviceable
"""348250900814495744""",non-serviceable
"""348252429172748288""",non-serviceable
"""348254177379614720""",non-serviceable
"""348255193831456768""",non-serviceable
"""348256596134092800""",non-serviceable
"""348257292917030912""",serviceable
"""348260101272006656""",serviceable
"""348260365106311168""",non-serviceable
"""348261969750536192""",non-serviceable
"""348262459859148800""",non-serviceable
"""348262799060905984""",non-serviceable
"""348262819587825664""",non-serviceable
"""348263049280512000""",non-serviceable
"""348263867354320896""",non-serviceable
"""348264618566746113""",non-serviceable
"""348265551468048384""",non-serviceable
"""348265962358837251""",non-serviceable
"""348266390203035648""",non-serviceable
"""348266533727924224""",non-serviceable
"""348266938851553280""",non-serviceable
"""348268301081800704""",non-serviceable
"""348269474174087168""",non-serviceable
"""348269998994751490""",non-serviceable
"""348270241438109696""",non-serviceable
"""348270296056356864""",non-serviceable
"""348270452210286593""",non-serviceable
"""348270677247279104""",non-serviceable
"""348270885314109440""",non-serviceable
"""348270974166237184""",non-serviceable
"""348271010145001472""",non-serviceable
"""348271962973429760""",serviceable
"""348271963187322880""",non-serviceable
"""348271970560925697""",non-serviceable
"""348272184726257664""",non-serviceable
"""348272879122665472""",non-serviceable
"""348273032961343489""",non-serviceable
"""348273503822290946""",non-serviceable
"""348274255567392768""",non-serviceable
"""348275214750187520""",non-serviceable
"""348275375077474304""",non-serviceable
"""348275853521735680""",non-serviceable
"""348278548177494016""",non-serviceable
"""348278921218912256""",serviceable
"""348279031097085953""",non-serviceable
"""348281877108498433""",serviceable
"""348282841605476352""",non-serviceable
"""348282950548324355""",serviceable
"""348283235974909952""",serviceable
"""348283679459651584""",serviceable
"""348284204955611136""",non-serviceable
"""348284468647309312""",non-serviceable
"""348284652500426752""",non-serviceable
"""348286575865626625""",non-serviceable
"""348287366374518784""",serviceable
"""348288355403984896""",non-serviceable
"""348289109736951808""",non-serviceable
"""348289265681174528""",serviceable
"""348290625650696193""",non-serviceable
"""348290734648094720""",non-serviceable
"""348291039217455104""",non-serviceable
"""348291072801271809""",non-serviceable
"""348291181412769792""",non-serviceable
"""348292929489620992""",serviceable
"""348297551801376768""",non-serviceable
"""348298067348439040""",non-serviceable
"""348299403691429888""",non-serviceable
"""348299660848406528""",non-serviceable
"""348301242516258817""",serviceable
"""348301247121596416""",non-serviceable
"""348301341376016384""",serviceable
"""348301729936326656""",non-serviceable
"""348302121659150337""",non-serviceable
"""348304059209506816""",serviceable
"""348304213568270336""",non-serviceable
"""348304436365508608""",non-serviceable
"""348305546060894208""",non-serviceable
"""348305954342858752""",serviceable
"""348306108001157120""",non-serviceable
"""348307798175674368""",non-serviceable
"""348308108742897664""",non-serviceable
"""348308842498621440""",non-serviceable
"""348309055527350272""",non-serviceable
"""348309183705255937""",non-serviceable
"""348311797473886208""",non-serviceable
"""348314698552336384""",serviceable
"""348315216267866112""",serviceable
"""348315718313455616""",non-serviceable
"""348316548999548929""",non-serviceable
"""348316775118675968""",non-serviceable
"""348317411033886720""",non-serviceable
"""348319685172944896""",non-serviceable
"""348319937946853376""",non-serviceable
"""348320275126960128""",serviceable
"""348321300541997057""",non-serviceable
"""348321791330111488""",non-serviceable
"""348321957567152128""",non-serviceable
"""348325003990802432""",non-serviceable
"""348334938984157184""",non-serviceable
"""348335562714910720""",serviceable
"""348345369056391168""",non-serviceable
"""348387376533475328""",non-serviceable
"""348415804775215104""",serviceable
"""348418507215613953""",serviceable
"""348432038799486977""",non-serviceable
"""348433228337651713""",non-serviceable
"""348433504037654528""",non-serviceable
"""348434442005663744""",non-serviceable
"""348435068999573504""",serviceable
"""348435920837558272""",serviceable
"""348437898363809792""",non-serviceable
"""348441934467039234""",non-serviceable
"""348443395628355584""",non-serviceable
"""348444295860199424""",non-serviceable
"""348444518409981952""",non-serviceable
"""348444816826302466""",non-serviceable
"""348452956611411969""",non-serviceable
"""348454013936742402""",non-serviceable
"""348455004006383618""",non-serviceable
"""348455259598905344""",non-serviceable
"""348456312587304960""",non-serviceable
"""348456530070351872""",non-serviceable
"""348458845720424448""",non-serviceable
"""348460756666290179""",non-serviceable
"""348460758826364929""",non-serviceable
"""348460832318963712""",serviceable
"""348460840984408066""",non-serviceable
"""348461010409119745""",non-serviceable
"""348461237782331393""",serviceable
"""348461259353632769""",non-serviceable
"""348461301120503809""",non-serviceable
"""348461457513529344""",non-serviceable
"""348461918786293761""",non-serviceable
"""348462889230802944""",non-serviceable
"""348464370105348096""",serviceable
"""348464567237607424""",non-serviceable
"""348465368290959360""",non-serviceable
"""348467162534514688""",non-serviceable
"""348469524556816384""",non-serviceable
"""348469605351702529""",non-serviceable
"""348469711941537793""",serviceable
"""348470040145821697""",non-serviceable
"""348471409724493824""",non-serviceable
"""348472576743452672""",non-serviceable
"""348472694288838656""",serviceable
"""348472849222217728""",non-serviceable
"""348472903546834945""",non-serviceable
"""348473400181788672""",non-serviceable
"""348474036671623168""",non-serviceable
"""348474768456040449""",non-serviceable
"""348479046289612801""",non-serviceable
"""348481484409159680""",non-serviceable
"""348484952591052800""",non-serviceable
"""348487456460525568""",non-serviceable
"""348489132827373568""",serviceable
"""348489389330014211""",non-serviceable
"""348495580584112128""",non-serviceable
"""348499499175518208""",serviceable
"""348500715871825920""",serviceable
"""348504305332011008""",serviceable
"""348504521649029121""",serviceable
"""348505015046000640""",serviceable
"""348505032716611584""",non-serviceable
"""348505412196249600""",non-serviceable
"""348505631080198146""",non-serviceable
"""348506190185127936""",serviceable
"""348506353565843458""",serviceable
"""348509311741337600""",serviceable
"""348510670217674752""",serviceable
"""348511667044360192""",non-serviceable
"""348515580556492800""",serviceable
"""348515864124985344""",serviceable
"""348516030089412609""",non-serviceable
"""348516108409663488""",non-serviceable
"""348516534148288513""",serviceable
"""348517156008390656""",serviceable
"""348518040763240448""",non-serviceable
"""348518134157815811""",non-serviceable
"""348526625287196672""",non-serviceable
"""348526948324098049""",serviceable
"""348528913397460992""",serviceable
"""348532943330881536""",non-serviceable
"""348535439432482818""",non-serviceable
"""348541760185708544""",non-serviceable
"""348543649090523136""",serviceable
"""348546669413027840""",non-serviceable
"""348546980160606208""",non-serviceable
"""348555293942243329""",serviceable
"""348556295734951938""",serviceable
"""348559231735181314""",non-serviceable
"""348559536648495104""",non-serviceable
"""348559787287511040""",non-serviceable
"""348560436288970753""",non-serviceable
"""348560840741502976""",serviceable
"""348561317352833024""",non-serviceable
"""348562826635382784""",non-serviceable
"""348563164436258816""",non-serviceable
"""348566880753180672""",non-serviceable
"""348567423856828416""",non-serviceable
"""348568091095093248""",non-serviceable
"""348568113316499456""",non-serviceable
"""348569860713893888""",non-serviceable
"""348570105673838593""",non-serviceable
"""348570404962582529""",non-serviceable
"""348571209895645186""",serviceable
"""348576061270937600""",non-serviceable
"""348578137434619905""",non-serviceable
"""348596825088995328""",non-serviceable
"""348599065820409856""",non-serviceable
"""348600587996246016""",non-serviceable
"""348613031598620672""",non-serviceable
"""348615657937580032""",non-serviceable
"""348619928183664641""",non-serviceable
"""348621511562756097""",non-serviceable
"""348621739288305665""",non-serviceable
"""348622148031619072""",non-serviceable
"""348623591983697920""",non-serviceable
"""348631645772992513""",non-serviceable
"""348633074331955201""",non-serviceable
"""348633696506638336""",non-serviceable
"""348637249270853632""",non-serviceable
"""348650762571759617""",non-serviceable
"""348661708946018304""",non-serviceable
"""348661733142966273""",non-serviceable
"""348662669923975168""",non-serviceable
"""348663395945431040""",serviceable
"""348664804631785472""",non-serviceable
"""348665368438509570""",non-serviceable
"""348666719914569729""",non-serviceable
"""348668227745902592""",non-serviceable
"""348671755625312256""",non-serviceable
"""348686246794629121""",non-serviceable
"""348708487586529281""",non-serviceable
"""348786047322292224""",serviceable
"""348788527972114432""",serviceable
"""348790403295739904""",serviceable
"""348807187029696512""",non-serviceable
"""348808994091053056""",non-serviceable
"""348811462417977344""",serviceable
"""348814992650432512""",non-serviceable
"""348815705220722688""",non-serviceable
"""348825425193078784""",non-serviceable
"""348831892059082752""",non-serviceable
"""348835841646407680""",non-serviceable
"""348836884685938688""",non-serviceable
"""348842674641588224""",serviceable
"""348845492400164865""",non-serviceable
"""348847907501387777""",serviceable
"""348848287299801091""",serviceable
"""348848750929801216""",non-serviceable
"""348849300492648448""",non-serviceable
"""348850382014906368""",serviceable
"""348850529822203904""",non-serviceable
"""348850987395592194""",non-serviceable
"""348853843657900033""",non-serviceable
"""348859648700465154""",non-serviceable
"""348861672695410690""",non-serviceable
"""348862199244136448""",serviceable
"""348862303107678208""",non-serviceable
"""348863603207725056""",non-serviceable
"""348864281917394945""",non-serviceable
"""348865070165549056""",non-serviceable
"""348865521476833280""",non-serviceable
"""348866936207204352""",non-serviceable
"""348872966001541121""",non-serviceable
"""348874603529117696""",non-serviceable
"""348880952048623617""",serviceable
"""348888597778272257""",non-serviceable
"""348896222750310401""",non-serviceable
"""348898450689110018""",non-serviceable
"""348903789341863936""",non-serviceable
"""348905580460658688""",non-serviceable
"""348906389692903424""",non-serviceable
"""348906777045241856""",non-serviceable
"""348918270482587649""",non-serviceable
"""348918722947346432""",non-serviceable
"""348919277732130817""",non-serviceable
"""348919399153020928""",non-serviceable
"""348929317343997952""",non-serviceable
"""348933505033580544""",non-serviceable
"""348934678847307777""",serviceable
"""348935333049671681""",non-serviceable
"""348936126767181824""",non-serviceable
"""348938252927000576""",non-serviceable
"""348938893678235649""",non-serviceable
"""348942565040586752""",non-serviceable
"""348942991240597504""",serviceable
"""348943877513809920""",non-serviceable
"""348945136476098560""",serviceable
"""348949360861671424""",non-serviceable
"""348949570279047169""",non-serviceable
"""348950957708677120""",non-serviceable
"""348959747141144577""",non-serviceable
"""348962181611663360""",non-serviceable
"""348962366379130881""",non-serviceable
"""348962422108852226""",non-serviceable
"""348962814339186690""",non-serviceable
"""348963157529747456""",non-serviceable
"""348966053847633921""",non-serviceable
"""348968655696039936""",serviceable
"""348971078170857472""",non-serviceable
"""348974951354728449""",non-serviceable
"""348978111632789506""",non-serviceable
"""348978466231828481""",serviceable
"""348979070501007360""",non-serviceable
"""348979351339028480""",non-serviceable
"""348990653176348672""",non-serviceable
"""348990852233838592""",serviceable
"""348991339104448514""",non-serviceable
"""348994497532813312""",non-serviceable
"""348995597493219328""",non-serviceable
"""348998366467866624""",serviceable
"""349000496691949568""",non-serviceable
"""349000554510442497""",non-serviceable
"""349001574594539520""",non-serviceable
"""349002147838427136""",non-serviceable
"""349003664813330433""",non-serviceable
"""349004642790809600""",non-serviceable
"""349005259542233089""",serviceable
"""349008045524795392""",non-serviceable
"""349011950610550786""",serviceable
"""349013454507618304""",non-serviceable
"""349015292078325760""",non-serviceable
"""349015404993204225""",non-serviceable
"""349015413088190465""",non-serviceable
"""349015519543824385""",non-serviceable
"""349015668114464769""",non-serviceable
"""349015714755121152""",non-serviceable
"""349015774507184129""",non-serviceable
"""349015863829094400""",non-serviceable
"""349016161209442304""",non-serviceable
"""349016167974842368""",non-serviceable
"""349016776421556226""",non-serviceable
"""349017719317876736""",non-serviceable
"""349017747931406336""",non-serviceable
"""349019003370471425""",non-serviceable
"""349020445976178688""",serviceable
"""349027524644331521""",non-serviceable
"""349028330529488896""",non-serviceable
"""349028425106857984""",non-serviceable
"""349030373017124864""",non-serviceable
"""349032070342926336""",non-serviceable
"""349032630987157504""",non-serviceable
"""349033509710594048""",non-serviceable
"""349036739672829953""",non-serviceable
"""349039040743485441""",serviceable
"""349040769107107843""",non-serviceable
"""349068899444199424""",non-serviceable
"""349092261327421441""",non-serviceable
"""349097890737713152""",serviceable
"""349098349934292992""",non-serviceable
"""349118164912717824""",serviceable
"""349118685711056896""",serviceable
"""349131701320032257""",serviceable
"""349131723675680770""",serviceable
"""349137145614708736""",non-serviceable
"""349147481868746752""",non-serviceable
"""349148905948196864""",serviceable
"""349149636663054337""",serviceable
"""349151291223724032""",serviceable
"""349153242153885696""",non-serviceable
"""349153742123311105""",non-serviceable
"""349154010697183232""",serviceable
"""349154508653330434""",non-serviceable
"""349156118905368577""",serviceable
"""349157415163420672""",serviceable
"""349167298449383426""",serviceable
"""349167851795513345""",non-serviceable
"""349169694995009536""",serviceable
"""349170632510017538""",non-serviceable
"""349171081040523264""",non-serviceable
"""349173647954558976""",serviceable
"""349173924497588225""",non-serviceable
"""349190951685722112""",non-serviceable
"""349192165936742400""",non-serviceable
"""349198667745476608""",serviceable
"""349200936662614017""",non-serviceable
"""349201884575309824""",non-serviceable
"""349203338308505600""",non-serviceable
"""349207850658172928""",non-serviceable
"""349207913698562049""",non-serviceable
"""349213924505292800""",non-serviceable
"""349215592173150210""",non-serviceable
"""349223357323022337""",non-serviceable
"""349223595223945216""",non-serviceable
"""349226006273466368""",serviceable
"""349230648919199744""",non-serviceable
"""349231032861593600""",non-serviceable
"""349231658655965184""",non-serviceable
"""349233715773317121""",non-serviceable
"""349235206454128640""",non-serviceable
"""349235340311138304""",non-serviceable
"""349237101117706241""",non-serviceable
"""349239723941830656""",non-serviceable
"""349240261995536386""",non-serviceable
"""349240807213109250""",non-serviceable
"""349244168687718401""",non-serviceable
"""349244671245041666""",non-serviceable
"""349254211181101056""",non-serviceable
"""349257031888273410""",non-serviceable
"""349259328869511168""",non-serviceable
"""349275274749284353""",non-serviceable
"""349277266016092161""",non-serviceable
"""349278345319555072""",non-serviceable
"""349279265554038784""",non-serviceable
"""349279630479466497""",non-serviceable
"""349286833693265922""",non-serviceable
"""349295277724803074""",non-serviceable
"""349300646001909760""",serviceable
"""349325535639384068""",non-serviceable
"""349344133728583681""",non-serviceable
"""349344913021878273""",non-serviceable
"""349346064572227587""",non-serviceable
"""349346386464083969""",serviceable
"""349348618148380672""",non-serviceable
"""349349878616428545""",serviceable
"""349350106815938560""",non-serviceable
"""349357255377956864""",serviceable
"""349359407429197824""",non-serviceable
"""349361169351442433""",non-serviceable
"""349362230975930370""",non-serviceable
"""349362910004387840""",serviceable
"""349364223509409793""",serviceable
"""349366382170877953""",non-serviceable
"""349367375516282880""",serviceable
"""349369798498582530""",non-serviceable
"""349371961400492032""",non-serviceable
"""349373671208529923""",non-serviceable
"""349374349402308609""",non-serviceable
"""349378096891314176""",non-serviceable
"""349379966791716865""",non-serviceable
"""349380002762076162""",non-serviceable
"""349384043734896640""",non-serviceable
"""349385216210640897""",serviceable
"""349385463838146560""",non-serviceable
"""349385936720769024""",non-serviceable
"""349390815078006784""",non-serviceable
"""349395700099973120""",non-serviceable
"""349405515740229632""",non-serviceable
"""349408684725641216""",non-serviceable
"""349415556371320832""",serviceable
"""349421077593726977""",non-serviceable
"""349428930664611841""",non-serviceable
"""349518365288722433""",non-serviceable
"""349521349959622657""",non-serviceable
"""349527058570940416""",serviceable
"""349527296006299648""",non-serviceable
"""349535206136483840""",serviceable
"""349535815417864195""",non-serviceable
"""349556685607677953""",non-serviceable
"""349557422391701504""",non-serviceable
"""349562005746757633""",non-serviceable
"""349564824235159552""",serviceable
"""349565631890337795""",non-serviceable
"""349566356313755648""",non-serviceable
"""349566677521924096""",non-serviceable
"""349571124759248897""",serviceable
"""349571232439607296""",non-serviceable
"""349578824368914432""",non-serviceable
"""349583647675912192""",non-serviceable
"""349584151000793089""",non-serviceable
"""349587589684137984""",non-serviceable
"""349589747729047554""",non-serviceable
"""349594758764707840""",non-serviceable
"""349594802104434688""",non-serviceable
"""349594996959219713""",non-serviceable
"""349596096202416128""",non-serviceable
"""349598893790597121""",non-serviceable
"""349616414677676032""",non-serviceable
"""349618812775174144""",serviceable
"""349623233349287936""",serviceable
"""349636723686391809""",non-serviceable
"""349638421435781122""",serviceable
"""349646405096321024""",serviceable
"""349652811602083842""",serviceable
"""349656197420425216""",serviceable
"""349658803802882048""",non-serviceable
"""349660749687304194""",non-serviceable
"""349662428855934976""",serviceable
"""349667541045620737""",serviceable
"""349672774941417472""",serviceable
"""349691994433544192""",non-serviceable
"""349728433988845568""",non-serviceable
"""349728497192800256""",non-serviceable
"""349728545632817153""",non-serviceable
"""349728645247541248""",non-serviceable
"""349729177387286528""",non-serviceable
"""349730083247894529""",non-serviceable
"""349732744672190465""",non-serviceable
"""349734092536954882""",non-serviceable
"""349736350263672832""",non-serviceable
"""349736430177759233""",non-serviceable
"""349736713565908992""",non-serviceable
"""349737583527469057""",non-serviceable
"""349738656782753792""",non-serviceable
"""349738927936131072""",non-serviceable
"""349745896382140418""",non-serviceable
"""349749052532994048""",non-serviceable
"""349749750494543873""",non-serviceable
"""349752195635351552""",non-serviceable
"""349752786352734208""",non-serviceable
"""349753590627315714""",non-serviceable
"""349753703496040450""",non-serviceable
"""349755690748874753""",non-serviceable
"""349755984098500608""",non-serviceable
"""349756028050616320""",non-serviceable
"""349756044496486401""",non-serviceable
"""349756094287060993""",serviceable
"""349756348826796032""",non-serviceable
"""349756580566269952""",non-serviceable
"""349757591737479168""",non-serviceable
"""349757739494412291""",non-serviceable
"""349758906853097472""",serviceable
"""349759304104017921""",non-serviceable
"""349762587052875776""",non-serviceable
"""349764716282916865""",non-serviceable
"""349770258560720896""",serviceable
"""349773891461332993""",non-serviceable
"""349778370650832897""",non-serviceable
"""349789500123262976""",non-serviceable
"""349838317812072448""",serviceable
"""349842791943258112""",non-serviceable
"""349845043756015616""",serviceable
"""349878247271571456""",serviceable
"""349898363510075392""",non-serviceable
"""349909579859099649""",non-serviceable
"""349920768332791810""",serviceable
"""349924563443908608""",non-serviceable
"""349931278474293250""",non-serviceable
"""349937598992625664""",non-serviceable
"""349944327054700544""",serviceable
"""349946697293639681""",non-serviceable
"""349947752978972674""",non-serviceable
"""349947840337952768""",non-serviceable
"""349951845873106944""",non-serviceable
"""349956402674012160""",non-serviceable
"""349965759776161793""",non-serviceable
"""349970262529294336""",non-serviceable
"""349971932357197824""",serviceable
"""349973156179615746""",non-serviceable
"""349988402147495936""",serviceable
"""349993687117336576""",non-serviceable
"""349999988908101632""",serviceable
"""350003634269982721""",non-serviceable
"""350009539413811200""",non-serviceable
"""350045942663221249""",non-serviceable
"""350048327825498113""",non-serviceable
"""350049115947806722""",non-serviceable
"""350049125233983489""",non-serviceable
"""350049289235472385""",non-serviceable
"""350053265699897344""",non-serviceable
"""350056222763925504""",non-serviceable
"""350057543046938624""",non-serviceable
"""350058111031181312""",non-serviceable
"""350059568396648448""",non-serviceable
"""350063225104121856""",non-serviceable
"""350066410019495936""",non-serviceable
"""350070528087822336""",non-serviceable
"""350072589579862016""",non-serviceable
"""350073981539332096""",serviceable
"""350078377786490880""",non-serviceable
"""350089094040256514""",serviceable
"""350103674028179458""",non-serviceable
"""350113640516550657""",non-serviceable
"""350132344205746176""",non-serviceable
"""350139916602191872""",serviceable
"""350143165442961408""",serviceable
"""350167300411883520""",non-serviceable
"""350189049295802368""",non-serviceable
"""350214525301170177""",non-serviceable
"""350227172222447619""",non-serviceable
"""350234996440698882""",non-serviceable
"""350239669251866625""",serviceable
"""350260714742616067""",non-serviceable
"""350261297264328706""",non-serviceable
"""350262585918107648""",non-serviceable
"""350263608149676033""",non-serviceable
"""350270552348426241""",non-serviceable
"""350304691244122113""",serviceable
"""350305502237958144""",serviceable
"""350306194960814080""",serviceable
"""350350842743889920""",non-serviceable
"""350351096281174017""",non-serviceable
"""350365293463351298""",serviceable
"""350366391309840386""",serviceable
"""350368146298912769""",non-serviceable
"""350390348633227264""",serviceable
"""350397698249195520""",non-serviceable
"""350421460763942913""",serviceable
"""350422900681093120""",non-serviceable
"""350433305105137664""",non-serviceable
"""350433547414274048""",non-serviceable
"""350437744838836225""",non-serviceable
"""350442324955889664""",non-serviceable
"""350445317168173057""",serviceable
"""350449255187615744""",non-serviceable
"""350451111251034112""",non-serviceable
"""350454529990459393""",non-serviceable
"""350459660857384962""",serviceable
"""350477918717214720""",non-serviceable
"""350493135727624193""",non-serviceable
"""350509634055962624""",serviceable
"""350510844632764416""",non-serviceable
"""350518847419322368""",non-serviceable
"""350572630585262080""",non-serviceable
"""350584147871416320""",non-serviceable
"""350608352016998400""",non-serviceable
"""350612498849886208""",non-serviceable
"""350623622215368704""",non-serviceable
"""350633621071204352""",non-serviceable
"""350639814611181568""",non-serviceable
"""350651920882470914""",non-serviceable
"""350664173627252736""",non-serviceable
"""350683801766199296""",non-serviceable
"""350688799786938368""",non-serviceable
"""350693486913265664""",non-serviceable
"""350699728016637953""",serviceable
"""350703983960133632""",serviceable
"""350704688871653376""",serviceable
"""350740853142208512""",non-serviceable
"""350741914036867072""",non-serviceable
"""350744004649951237""",non-serviceable
"""350752840400109571""",serviceable
"""350792309698330624""",non-serviceable
"""350801662253867008""",non-serviceable
"""350808466220265474""",non-serviceable
"""350812326905135104""",non-serviceable
"""350828233400389632""",non-serviceable
"""350830492804845569""",non-serviceable
"""350832609489727489""",non-serviceable
"""350833414691229696""",non-serviceable
"""350837580792729600""",non-serviceable
"""350838887247118337""",non-serviceable
"""350838950501429248""",non-serviceable
"""350839633048903680""",non-serviceable
"""350840961691164672""",non-serviceable
"""350841981607481344""",non-serviceable
"""350845147031928834""",non-serviceable
"""350845446505246720""",non-serviceable
"""350846276448952321""",non-serviceable
"""350848612797911040""",non-serviceable
"""350850017088634880""",non-serviceable
"""350852279936614400""",non-serviceable
"""350873021369679873""",non-serviceable
"""350955857506344961""",non-serviceable
"""350985079100686338""",non-serviceable
"""350986477062193154""",non-serviceable
"""350986615893663749""",non-serviceable
"""350989206841077760""",non-serviceable
"""350994534034964481""",non-serviceable
"""350995260953989120""",non-serviceable
"""350997609952972802""",serviceable
"""350998017651908608""",non-serviceable
"""350998168034480128""",non-serviceable
"""350999096326242305""",serviceable
"""350999676742410241""",non-serviceable
"""351002228854763523""",non-serviceable
"""351003153543602178""",non-serviceable
"""351006660078206978""",serviceable
"""351007005240070144""",non-serviceable
"""351017446456561664""",non-serviceable
"""351023507397816320""",serviceable
"""351027426068922368""",non-serviceable
"""351050928624893953""",non-serviceable
"""351083275806195712""",non-serviceable
"""351083830360285186""",non-serviceable
"""351083865558880257""",serviceable
"""351088201806536704""",non-serviceable
"""351111660259385344""",non-serviceable
"""351121303182376960""",non-serviceable
"""351122014104330241""",non-serviceable
"""351122666066948097""",non-serviceable
"""351137747710382080""",serviceable
"""351147643730264064""",non-serviceable
"""351166666496937984""",serviceable
"""351174192567300096""",serviceable
"""351175118648639489""",non-serviceable
"""351176368836460545""",non-serviceable
"""351185540969811968""",non-serviceable
"""351342802090737665""",non-serviceable
"""351352587796230144""",non-serviceable
"""351352982706733057""",non-serviceable
"""351355022312882176""",non-serviceable
"""351356562205458432""",non-serviceable
"""351362588329771009""",serviceable
"""351373170424545280""",non-serviceable
"""351387132125917185""",non-serviceable
"""351387513002262529""",non-serviceable
"""351387622188388352""",serviceable
"""351387773766344706""",non-serviceable
"""351388007728820226""",non-serviceable
"""351388028289302529""",non-serviceable
"""351388123881680896""",non-serviceable
"""351391356284977152""",serviceable
"""351402337996251136""",serviceable
"""351404784059813889""",non-serviceable
"""351405122598866945""",non-serviceable
"""351405274906636288""",serviceable
"""351405379499995138""",non-serviceable
"""351405591631110144""",serviceable
"""351406308425076737""",serviceable
"""351406580014649345""",serviceable
"""351407198737408001""",serviceable
"""351409589494878208""",serviceable
"""351410020874850306""",non-serviceable
"""351410317382787074""",non-serviceable
"""351410524610760704""",non-serviceable
"""351411695568166912""",non-serviceable
"""351412187832655874""",serviceable
"""351413289349152770""",non-serviceable
"""351416165790253058""",serviceable
"""351428303653048320""",non-serviceable
"""351439476041584645""",non-serviceable
"""351448382759387137""",non-serviceable
"""351458872453636098""",non-serviceable
"""351468916830240768""",non-serviceable
"""351473861444902914""",serviceable
"""351564584617902080""",serviceable
"""351564995626147840""",non-serviceable
"""351565660922454016""",non-serviceable
"""351578525611999233""",non-serviceable
"""351628749437026304""",non-serviceable
"""351757160608309249""",non-serviceable
"""351848503619768320""",non-serviceable
"""351853352516206593""",non-serviceable
"""351930369169293313""",non-serviceable
"""351932612480208896""",non-serviceable
"""352466426621206528""",serviceable
"""352472933295329280""",non-serviceable
"""352959415491637248""",non-serviceable
